{"stats":{"minecraft:dropped":{"minecraft:birch_planks":5,"minecraft:wheat_seeds":2,"minecraft:cobblestone":1,"minecraft:leather":1,"minecraft:coal":12,"minecraft:torch":3,"minecraft:stone_sword":1,"minecraft:oak_sapling":1,"minecraft:stone_pickaxe":3},"minecraft:crafted":{"minecraft:oak_planks":112,"minecraft:stone_shovel":3,"minecraft:oak_sign":6,"minecraft:furnace":4,"minecraft:cobblestone_stairs":124,"minecraft:stone":140,"minecraft:bone_meal":6,"minecraft:stone_brick_slab":12,"minecraft:iron_boots":1,"minecraft:stone_pickaxe":2,"minecraft:cobblestone_wall":54,"minecraft:chest":6,"minecraft:stone_hoe":1,"minecraft:stone_bricks":80,"minecraft:cooked_beef":9,"minecraft:crafting_table":2,"minecraft:wooden_pickaxe":1,"minecraft:iron_helmet":1,"minecraft:iron_sword":1,"minecraft:cooked_salmon":4,"minecraft:bucket":1,"minecraft:birch_planks":28,"minecraft:stone_axe":2,"minecraft:bread":6,"minecraft:air":0,"minecraft:iron_chestplate":1,"minecraft:charcoal":4,"minecraft:shield":1,"minecraft:stick":64,"minecraft:iron_ingot":137,"minecraft:iron_pickaxe":5,"minecraft:stone_sword":1,"minecraft:iron_leggings":1,"minecraft:iron_shovel":4,"minecraft:gold_ingot":41,"minecraft:torch":116},"minecraft:mined":{"minecraft:cobblestone_stairs":15,"minecraft:granite":51,"minecraft:grass_block":367,"minecraft:oak_wall_sign":2,"minecraft:redstone_ore":21,"minecraft:glowstone":7,"minecraft:furnace":1,"minecraft:iron_ore":93,"minecraft:andesite":43,"minecraft:oak_sign":1,"minecraft:stripped_oak_log":1,"minecraft:stone":677,"minecraft:stone_brick_slab":1,"minecraft:crafting_table":1,"minecraft:torch":18,"minecraft:poppy":2,"minecraft:chest":1,"minecraft:cobblestone":33,"minecraft:diorite":76,"minecraft:wall_torch":27,"minecraft:cobblestone_wall":5,"minecraft:birch_log":16,"minecraft:wheat":38,"minecraft:birch_leaves":1,"minecraft:grass":260,"minecraft:oak_log":68,"minecraft:coal_ore":76,"minecraft:gravel":14,"minecraft:dirt":449,"minecraft:stone_bricks":3,"minecraft:netherrack":60,"minecraft:gold_ore":8,"minecraft:oak_leaves":239},"minecraft:custom":{"minecraft:mob_kills":39,"minecraft:interact_with_crafting_table":70,"minecraft:leave_game":3,"minecraft:time_since_death":115221,"minecraft:sprint_one_cm":365168,"minecraft:walk_one_cm":1132445,"minecraft:damage_blocked_by_shield":510,"minecraft:drop":25,"minecraft:talked_to_villager":6,"minecraft:deaths":4,"minecraft:sneak_time":4975,"minecraft:walk_under_water_one_cm":9552,"minecraft:jump":2042,"minecraft:walk_on_water_one_cm":20544,"minecraft:interact_with_furnace":91,"minecraft:play_one_minute":227651,"minecraft:sleep_in_bed":1,"minecraft:time_since_rest":16210,"minecraft:damage_taken":2270,"minecraft:damage_dealt":5766,"minecraft:swim_one_cm":5167,"minecraft:fly_one_cm":181576,"minecraft:open_chest":176,"minecraft:crouch_one_cm":16243,"minecraft:fall_one_cm":33444},"minecraft:broken":{"minecraft:iron_shovel":1,"minecraft:stone_pickaxe":4,"minecraft:stone_axe":1,"minecraft:iron_pickaxe":2,"minecraft:stone_shovel":2},"minecraft:killed":{"minecraft:spider":2,"minecraft:skeleton":4,"minecraft:chicken":5,"minecraft:pig":3,"minecraft:creeper":1,"minecraft:sheep":2,"minecraft:zombie":17,"minecraft:cow":4},"minecraft:killed_by":{"minecraft:creeper":1,"minecraft:skeleton":1},"minecraft:used":{"minecraft:stone_sword":104,"minecraft:iron_shovel":417,"minecraft:flint_and_steel":15,"minecraft:stone_shovel":312,"minecraft:oak_sign":8,"minecraft:chest":7,"minecraft:stone":59,"minecraft:iron_sword":96,"minecraft:cooked_salmon":14,"minecraft:stone_hoe":1,"minecraft:netherrack":23,"minecraft:torch":145,"minecraft:dirt":476,"minecraft:cobblestone_wall":23,"minecraft:granite":7,"minecraft:stone_brick_slab":13,"minecraft:stone_bricks":21,"minecraft:furnace":4,"minecraft:cooked_beef":3,"minecraft:wheat_seeds":83,"minecraft:water_bucket":19,"minecraft:diorite":10,"minecraft:cobblestone_stairs":137,"minecraft:stone_pickaxe":554,"minecraft:wooden_pickaxe":22,"minecraft:crafting_table":2,"minecraft:oak_log":52,"minecraft:apple":2,"minecraft:bread":2,"minecraft:iron_pickaxe":629,"minecraft:gravel":4,"minecraft:stone_axe":168,"minecraft:cobblestone":143,"minecraft:cooked_porkchop":2,"minecraft:bucket":20,"minecraft:bone_meal":8},"minecraft:picked_up":{"minecraft:crafting_table":1,"minecraft:iron_chestplate":1,"minecraft:wheat":36,"minecraft:chicken":5,"minecraft:wooden_pickaxe":1,"minecraft:string":1,"minecraft:flint_and_steel":1,"minecraft:iron_leggings":1,"minecraft:iron_shovel":1,"minecraft:oak_sign":3,"minecraft:beef":11,"minecraft:poppy":5,"minecraft:iron_pickaxe":1,"minecraft:chest":1,"minecraft:birch_sapling":3,"minecraft:furnace":2,"minecraft:iron_boots":1,"minecraft:egg":3,"minecraft:stick":71,"minecraft:stone":5,"minecraft:torch":146,"minecraft:porkchop":6,"minecraft:diorite":108,"minecraft:redstone":117,"minecraft:rotten_flesh":20,"minecraft:stone_sword":1,"minecraft:arrow":2,"minecraft:stone_shovel":1,"minecraft:mutton":2,"minecraft:white_wool":2,"minecraft:cobblestone":1072,"minecraft:stripped_oak_log":1,"minecraft:birch_log":19,"minecraft:cooked_beef":1,"minecraft:feather":3,"minecraft:lilac":1,"minecraft:water_bucket":1,"minecraft:andesite":51,"minecraft:leather":7,"minecraft:birch_planks":10,"minecraft:flint":5,"minecraft:oak_log":101,"minecraft:cobblestone_wall":4,"minecraft:gunpowder":4,"minecraft:cobblestone_stairs":17,"minecraft:dirt":1072,"minecraft:apple":3,"minecraft:stone_bricks":3,"minecraft:wheat_seeds":130,"minecraft:iron_ingot":31,"minecraft:stone_pickaxe":9,"minecraft:iron_ore":121,"minecraft:glowstone_dust":20,"minecraft:stone_hoe":1,"minecraft:iron_sword":2,"minecraft:oak_planks":99,"minecraft:stone_brick_slab":1,"minecraft:gravel":106,"minecraft:lily_of_the_valley":2,"minecraft:gold_ore":8,"minecraft:spider_eye":2,"minecraft:iron_helmet":1,"minecraft:granite":75,"minecraft:oak_sapling":70,"minecraft:netherrack":59,"minecraft:coal":108}},"DataVersion":1963}