{"stats":{"minecraft:crafted":{"minecraft:oak_planks":316,"minecraft:stone_shovel":3,"minecraft:cooked_chicken":2,"minecraft:furnace":1,"minecraft:cooked_mutton":7,"minecraft:flint_and_steel":2,"minecraft:iron_boots":1,"minecraft:stone_pickaxe":14,"minecraft:cobblestone_wall":66,"minecraft:chest":6,"minecraft:stone_hoe":1,"minecraft:oak_slab":6,"minecraft:diamond_sword":1,"minecraft:cooked_porkchop":14,"minecraft:crafting_table":2,"minecraft:wooden_pickaxe":1,"minecraft:iron_helmet":1,"minecraft:iron_sword":1,"minecraft:cooked_salmon":45,"minecraft:bucket":1,"minecraft:birch_planks":76,"minecraft:stone_axe":2,"minecraft:air":0,"minecraft:iron_chestplate":1,"minecraft:diamond_pickaxe":1,"minecraft:shield":1,"minecraft:stick":168,"minecraft:compass":1,"minecraft:iron_ingot":108,"minecraft:iron_pickaxe":7,"minecraft:iron_leggings":1,"minecraft:iron_shovel":1,"minecraft:gold_ingot":17,"minecraft:torch":232},"minecraft:dropped":{"minecraft:iron_ingot":1,"minecraft:iron_sword":1,"minecraft:feather":1,"minecraft:iron_helmet":1,"minecraft:white_wool":3,"minecraft:bone":1,"minecraft:sweet_berries":1,"minecraft:rotten_flesh":1,"minecraft:light_gray_wool":1,"minecraft:flint_and_steel":1,"minecraft:purple_bed":1,"minecraft:stone_pickaxe":4,"minecraft:black_wool":1},"minecraft:mined":{"minecraft:diamond_ore":14,"minecraft:obsidian":14,"minecraft:granite":79,"minecraft:grass_block":246,"minecraft:redstone_ore":17,"minecraft:furnace":4,"minecraft:iron_ore":174,"minecraft:andesite":74,"minecraft:pumpkin":7,"minecraft:stone":1508,"minecraft:brown_mushroom":9,"minecraft:crafting_table":3,"minecraft:torch":10,"minecraft:poppy":13,"minecraft:chest":9,"minecraft:nether_quartz_ore":15,"minecraft:cobblestone":10,"minecraft:lapis_ore":26,"minecraft:sugar_cane":7,"minecraft:diorite":84,"minecraft:blue_bed":1,"minecraft:wall_torch":10,"minecraft:seagrass":2,"minecraft:purple_bed":1,"minecraft:cobblestone_wall":6,"minecraft:birch_log":29,"minecraft:sweet_berry_bush":25,"minecraft:birch_leaves":3,"minecraft:grass":27,"minecraft:oak_log":186,"minecraft:coal_ore":263,"minecraft:gravel":58,"minecraft:dirt":134,"minecraft:netherrack":78,"minecraft:gold_ore":50,"minecraft:oak_leaves":55},"minecraft:custom":{"minecraft:mob_kills":120,"minecraft:interact_with_crafting_table":51,"minecraft:leave_game":2,"minecraft:time_since_death":221675,"minecraft:sprint_one_cm":407822,"minecraft:walk_one_cm":769447,"minecraft:damage_blocked_by_shield":1760,"minecraft:drop":16,"minecraft:talked_to_villager":20,"minecraft:sneak_time":2811,"minecraft:walk_under_water_one_cm":43093,"minecraft:jump":2762,"minecraft:walk_on_water_one_cm":73574,"minecraft:interact_with_furnace":85,"minecraft:play_one_minute":221675,"minecraft:sleep_in_bed":1,"minecraft:time_since_rest":11704,"minecraft:damage_taken":1763,"minecraft:damage_dealt":13138,"minecraft:swim_one_cm":50034,"minecraft:fly_one_cm":192302,"minecraft:open_chest":124,"minecraft:crouch_one_cm":7189,"minecraft:fall_one_cm":36049},"minecraft:broken":{"minecraft:stone_pickaxe":8,"minecraft:stone_axe":1,"minecraft:iron_pickaxe":5,"minecraft:stone_shovel":3},"minecraft:killed":{"minecraft:witch":1,"minecraft:spider":6,"minecraft:skeleton":6,"minecraft:chicken":2,"minecraft:pig":7,"minecraft:salmon":50,"minecraft:creeper":1,"minecraft:squid":20,"minecraft:sheep":5,"minecraft:zombie":19,"minecraft:enderman":1,"minecraft:cow":2},"minecraft:used":{"minecraft:iron_shovel":5,"minecraft:flint_and_steel":37,"minecraft:armor_stand":1,"minecraft:stone_shovel":394,"minecraft:chest":15,"minecraft:iron_sword":217,"minecraft:cooked_salmon":22,"minecraft:rotten_flesh":13,"minecraft:stone_hoe":59,"minecraft:netherrack":4,"minecraft:torch":197,"minecraft:dirt":202,"minecraft:cobblestone_wall":50,"minecraft:granite":3,"minecraft:obsidian":10,"minecraft:sweet_berries":46,"minecraft:furnace":5,"minecraft:wheat_seeds":1,"minecraft:cooked_mutton":2,"minecraft:water_bucket":47,"minecraft:stone_pickaxe":1051,"minecraft:wooden_pickaxe":38,"minecraft:sugar_cane":14,"minecraft:blue_bed":1,"minecraft:crafting_table":5,"minecraft:diamond_pickaxe":15,"minecraft:apple":3,"minecraft:iron_pickaxe":1348,"minecraft:gravel":39,"minecraft:stone_axe":263,"minecraft:diamond_sword":115,"minecraft:cobblestone":20,"minecraft:purple_bed":1,"minecraft:cooked_porkchop":5,"minecraft:andesite":2,"minecraft:bucket":47},"minecraft:picked_up":{"minecraft:crafting_table":3,"minecraft:chicken":2,"minecraft:clay_ball":2,"minecraft:brown_mushroom":8,"minecraft:string":6,"minecraft:cooked_salmon":11,"minecraft:armor_stand":2,"minecraft:beef":4,"minecraft:poppy":16,"minecraft:light_gray_wool":1,"minecraft:sugar_cane":14,"minecraft:chest":9,"minecraft:birch_sapling":1,"minecraft:furnace":4,"minecraft:stick":33,"minecraft:torch":29,"minecraft:porkchop":14,"minecraft:diorite":117,"minecraft:redstone":127,"minecraft:arrow":7,"minecraft:rotten_flesh":19,"minecraft:obsidian":14,"minecraft:mutton":7,"minecraft:white_wool":3,"minecraft:cobblestone":2073,"minecraft:birch_log":29,"minecraft:feather":1,"minecraft:andesite":100,"minecraft:salmon":49,"minecraft:leather":1,"minecraft:flint":4,"minecraft:oak_log":245,"minecraft:cobblestone_wall":6,"minecraft:dirt":442,"minecraft:lapis_lazuli":245,"minecraft:blue_bed":1,"minecraft:bone":8,"minecraft:apple":3,"minecraft:wheat_seeds":5,"minecraft:iron_ingot":18,"minecraft:stone_pickaxe":1,"minecraft:iron_ore":170,"minecraft:iron_sword":1,"minecraft:pumpkin":7,"minecraft:sweet_berries":46,"minecraft:quartz":14,"minecraft:gravel":99,"minecraft:sand":2,"minecraft:ink_sac":53,"minecraft:spruce_log":1,"minecraft:gold_ore":50,"minecraft:spider_eye":1,"minecraft:purple_bed":2,"minecraft:diamond":18,"minecraft:iron_helmet":2,"minecraft:granite":126,"minecraft:bone_meal":2,"minecraft:coal":278,"minecraft:oak_sapling":46,"minecraft:netherrack":78,"minecraft:black_wool":1}},"DataVersion":1963}